<step title="Incoming Request" date="2025-08-15T16:51:02.540" instance="14b7dc" url="/api/zipdeploy?isAsync=true" method="POST" type="request" pid="104,2,19" Cache-Control="no-cache" Content-Length="30238031" Content-Type="application/octet-stream" Accept="*/*" Accept-Encoding="gzip, deflate" Authorization="Bea..." Host="instruct-helixlaw-pitch.scm.azurewebsites.net" User-Agent="AZURECLI/2.74.0 (MSI)" x-ms-client-request-id="05313cea-79f8-11f0-8cb2-2cf05dd1557a" X-ARR-LOG-ID="05313cea-79f8-11f0-8cb2-2cf05dd1557a" CLIENT-IP="89.238.24.75:64887" X-SITE-DEPLOYMENT-ID="instruct-helixlaw-pitch" WAS-DEFAULT-HOSTNAME="instruct-helixlaw-pitch.scm.azurewebsites.net" X-Forwarded-Proto="https" X-AppService-Proto="https" X-Forwarded-TlsVersion="1.3" X-WAWS-Unencoded-URL="/api/zipdeploy?isAsync=true" >
  <step title="Cleanup Xml Logs" date="2025-08-15T16:51:02.540" /><!-- duration: 0ms -->
  <step title="ZipPushDeploy" date="2025-08-15T16:51:02.681" >
    <step title="ZipDeploy. Run from package. Ignore remote build." date="2025-08-15T16:51:02.681" /><!-- duration: 16ms -->
    <step title="Starting PushDeployAsync" date="2025-08-15T16:51:02.712" /><!-- duration: 0ms -->
    <step title="Updating shutdown sentinel last write time" date="2025-08-15T16:51:02.759" SemaphoreCount="7" /><!-- duration: 16ms -->
    <step title="LockFile &apos;C:\home\site\locks\deployments.lock&apos; acquired" date="2025-08-15T16:51:02.775" /><!-- duration: 0ms -->
    <step title="Deleting outdated zip file C:\home\data\SitePackages\20250815104743.zip" date="2025-08-15T16:51:02.791" /><!-- duration: 16ms -->
    <step title="Saving request content to C:\home\data\SitePackages\20250815165102.zip" date="2025-08-15T16:51:02.806" >
      <step title="Total 30,238,031 bytes written to C:\home\data\SitePackages\20250815165102.zip" date="2025-08-15T16:51:25.534" /><!-- duration: 0ms -->
    </step><!-- duration: 22743ms -->
    <step title="LockFile &apos;C:\home\site\locks\deployments.lock&apos; released" date="2025-08-15T16:51:25.549" /><!-- duration: 0ms -->
    <step title="Deleting shutdown sentinel file" date="2025-08-15T16:51:25.565" SemaphoreCount="8" /><!-- duration: 0ms -->
    <step title="Starting FetchDeploy" date="2025-08-15T16:51:25.580" /><!-- duration: 0ms -->
    <step title="Start deployment in the background" date="2025-08-15T16:51:25.580" /><!-- duration: 109ms -->
  </step><!-- duration: 23009ms -->
  <step title="Outgoing response" date="2025-08-15T16:51:25.705" type="response" statusCode="202" statusText="Accepted" Server="Microsoft-IIS/10.0" x-ms-request-id="05313cea-79f8-11f0-8cb2-2cf05dd1557a" Retry-After="30" Cache-Control="private" X-AspNet-Version="4.0.30319" Location="https://instruct-helixlaw-pitch.scm.azurewebsites.net/api/deployments/latest?deployer=ZipDeploy&amp;time=2025-08-15_16-51-25Z" /><!-- duration: 0ms -->
</step><!-- duration: 23181ms -->
