<step title="Incoming Request" date="2025-08-15T19:58:56.606" instance="14b7dc" url="/api/zipdeploy?isAsync=true" method="POST" type="request" pid="4228,2,14" Cache-Control="no-cache" Content-Length="30238865" Content-Type="application/octet-stream" Accept="*/*" Accept-Encoding="gzip, deflate" Authorization="Bea..." Host="instruct-helixlaw-pitch.scm.azurewebsites.net" User-Agent="AZURECLI/2.74.0 (MSI)" x-ms-client-request-id="452e2bd8-7a12-11f0-b0a8-2cf05dd1557a" X-ARR-LOG-ID="452e2bd8-7a12-11f0-b0a8-2cf05dd1557a" CLIENT-IP="89.238.24.75:58424" X-SITE-DEPLOYMENT-ID="instruct-helixlaw-pitch" WAS-DEFAULT-HOSTNAME="instruct-helixlaw-pitch.scm.azurewebsites.net" X-Forwarded-Proto="https" X-AppService-Proto="https" X-Forwarded-TlsVersion="1.3" X-WAWS-Unencoded-URL="/api/zipdeploy?isAsync=true" >
  <step title="Cleanup Xml Logs" date="2025-08-15T19:58:56.606" /><!-- duration: 16ms -->
  <step title="ZipPushDeploy" date="2025-08-15T19:58:56.746" >
    <step title="ZipDeploy. Run from package. Ignore remote build." date="2025-08-15T19:58:56.762" /><!-- duration: 0ms -->
    <step title="Starting PushDeployAsync" date="2025-08-15T19:58:56.777" /><!-- duration: 0ms -->
    <step title="Updating shutdown sentinel last write time" date="2025-08-15T19:58:56.840" SemaphoreCount="7" /><!-- duration: 0ms -->
    <step title="LockFile &apos;C:\home\site\locks\deployments.lock&apos; acquired" date="2025-08-15T19:58:56.840" /><!-- duration: 16ms -->
    <step title="Deleting outdated zip file C:\home\data\SitePackages\20250815181413.zip" date="2025-08-15T19:58:56.856" /><!-- duration: 16ms -->
    <step title="Saving request content to C:\home\data\SitePackages\20250815195856.zip" date="2025-08-15T19:58:56.871" >
      <step title="Total 30,238,865 bytes written to C:\home\data\SitePackages\20250815195856.zip" date="2025-08-15T19:59:21.275" /><!-- duration: 16ms -->
    </step><!-- duration: 24419ms -->
    <step title="LockFile &apos;C:\home\site\locks\deployments.lock&apos; released" date="2025-08-15T19:59:21.306" /><!-- duration: 0ms -->
    <step title="Deleting shutdown sentinel file" date="2025-08-15T19:59:21.322" SemaphoreCount="8" /><!-- duration: 0ms -->
    <step title="Starting FetchDeploy" date="2025-08-15T19:59:21.337" /><!-- duration: 0ms -->
    <step title="Start deployment in the background" date="2025-08-15T19:59:21.353" /><!-- duration: 94ms -->
  </step><!-- duration: 24700ms -->
  <step title="Outgoing response" date="2025-08-15T19:59:21.462" type="response" statusCode="202" statusText="Accepted" Server="Microsoft-IIS/10.0" x-ms-request-id="452e2bd8-7a12-11f0-b0a8-2cf05dd1557a" Retry-After="30" Cache-Control="private" X-AspNet-Version="4.0.30319" Location="https://instruct-helixlaw-pitch.scm.azurewebsites.net/api/deployments/latest?deployer=ZipDeploy&amp;time=2025-08-15_19-59-21Z" /><!-- duration: 0ms -->
</step><!-- duration: 24872ms -->
