<step title="BackgroundTrace" date="2025-08-15T22:43:38.068" instance="9b73c6" url="/api/zipdeploy" method="POST" >
  <step title="Cleanup Xml Logs" date="2025-08-15T22:43:38.068" /><!-- duration: 16ms -->
  <step title="Updating shutdown sentinel last write time" date="2025-08-15T22:43:38.099" SemaphoreCount="7" /><!-- duration: 0ms -->
  <step title="LockFile &apos;C:\home\site\locks\deployments.lock&apos; acquired" date="2025-08-15T22:43:38.115" /><!-- duration: 0ms -->
  <step title="Creating temporary deployment" date="2025-08-15T22:43:38.115" /><!-- duration: 16ms -->
  <step title="Performing fetch based deployment" date="2025-08-15T22:43:38.146" >
    <step title="Fetching changes." date="2025-08-15T22:43:38.209" /><!-- duration: 0ms -->
    <step title="Starting LocalZipHandler" date="2025-08-15T22:43:38.209" /><!-- duration: 16ms -->
    <step title="Starting ExtractTriggers" date="2025-08-15T22:43:38.224" /><!-- duration: 0ms -->
    <step title="Before sending BuildRequestReceived status to /api/updatedeploystatus" date="2025-08-15T22:43:38.849" /><!-- duration: 0ms -->
    <step title="DeploymentManager.Deploy(id:c91a7b72403647a68a8cfa768dbeb8b1)" date="2025-08-15T22:43:38.865" >
      <step title="Collecting changeset information" date="2025-08-15T22:43:38.865" /><!-- duration: 31ms -->
      <step title="Updating submodules" date="2025-08-15T22:43:38.896" >
        <step title="Updating submodules." date="2025-08-15T22:43:38.912" /><!-- duration: 0ms -->
      </step><!-- duration: 31ms -->
      <step title="Preparing deployment for commit id &apos;c91a7b7240&apos;." date="2025-08-15T22:43:38.959" /><!-- duration: 0ms -->
      <step title="Determining deployment builder" date="2025-08-15T22:43:38.991" >
        <step title="Builder is RunFromZipSiteBuilder" date="2025-08-15T22:43:38.991" /><!-- duration: 16ms -->
      </step><!-- duration: 16ms -->
      <step title="Copying SSH keys" date="2025-08-15T22:43:39.022" /><!-- duration: 0ms -->
      <step title="Building" date="2025-08-15T22:43:39.022" >
        <step title="Skipping build. Project type: Run-From-Zip" date="2025-08-15T22:43:39.053" /><!-- duration: 0ms -->
        <step title="Skipping post build. Project type: Run-From-Zip" date="2025-08-15T22:43:39.085" /><!-- duration: 0ms -->
        <step title="Triggering recycle (preview mode disabled)." date="2025-08-15T22:43:39.131" /><!-- duration: 0ms -->
        <step title="Ignoring FS watcher based recycle request as this is a classic Windows app." date="2025-08-15T22:43:39.131" /><!-- duration: 0ms -->
        <step title="Deployment successful. DEPLOYMENTINFO: deploymentPath = ZipDeploy. Run from package. Ignore remote build., deployer = ZipDeploy, os = windows, sku = Premium0V3, siteName = instruct-helixlaw-pitch, siteHostName = instruct-helixlaw-pitch.azurewebsites.net, deploymentStatus = Success" date="2025-08-15T22:43:39.163" /><!-- duration: 0ms -->
        <step title="Purge deployment items" date="2025-08-15T22:43:39.288" >
          <step title="Remove 2229760fa, Success, received at 8/15/2025 4:51:26 PM" date="2025-08-15T22:43:39.319" /><!-- duration: 16ms -->
        </step><!-- duration: 47ms -->
      </step><!-- duration: 328ms -->
    </step><!-- duration: 501ms -->
    <step title="Cleaning up temp files" date="2025-08-15T22:43:39.366" /><!-- duration: 0ms -->
    <step title="Updating C:\home\data\SitePackages\packagename.txt with deployment 20250815224314.zip" date="2025-08-15T22:43:39.366" /><!-- duration: 62ms -->
    <step title="Skip function trigger and logicapp sync because function is not enabled." date="2025-08-15T22:43:39.475" /><!-- duration: 0ms -->
  </step><!-- duration: 1360ms -->
  <step title="LockFile &apos;C:\home\site\locks\deployments.lock&apos; released" date="2025-08-15T22:43:39.506" /><!-- duration: 0ms -->
  <step title="Deleting shutdown sentinel file" date="2025-08-15T22:43:39.506" SemaphoreCount="8" /><!-- duration: 16ms -->
</step><!-- duration: 1454ms -->
