<step title="Incoming Request" date="2025-08-15T20:59:34.796" instance="55be94" url="/api/zipdeploy?isAsync=true" method="POST" type="request" pid="3928,2,9" Cache-Control="no-cache" Content-Length="30239051" Content-Type="application/octet-stream" Accept="*/*" Accept-Encoding="gzip, deflate" Authorization="Bea..." Host="instruct-helixlaw-pitch.scm.azurewebsites.net" User-Agent="AZURECLI/2.74.0 (MSI)" x-ms-client-request-id="bd4bac93-7a1a-11f0-965d-2cf05dd1557a" X-ARR-LOG-ID="bd4bac93-7a1a-11f0-965d-2cf05dd1557a" CLIENT-IP="89.238.24.75:61601" X-SITE-DEPLOYMENT-ID="instruct-helixlaw-pitch" WAS-DEFAULT-HOSTNAME="instruct-helixlaw-pitch.scm.azurewebsites.net" X-Forwarded-Proto="https" X-AppService-Proto="https" X-Forwarded-TlsVersion="1.3" X-WAWS-Unencoded-URL="/api/zipdeploy?isAsync=true" >
  <step title="Cleanup Xml Logs" date="2025-08-15T20:59:34.796" /><!-- duration: 31ms -->
  <step title="ZipPushDeploy" date="2025-08-15T20:59:34.968" >
    <step title="ZipDeploy. Run from package. Ignore remote build." date="2025-08-15T20:59:34.983" /><!-- duration: 0ms -->
    <step title="Starting PushDeployAsync" date="2025-08-15T20:59:34.999" /><!-- duration: 0ms -->
    <step title="Updating shutdown sentinel last write time" date="2025-08-15T20:59:35.046" SemaphoreCount="7" /><!-- duration: 16ms -->
    <step title="LockFile &apos;C:\home\site\locks\deployments.lock&apos; acquired" date="2025-08-15T20:59:35.061" /><!-- duration: 0ms -->
    <step title="Deleting outdated zip file C:\home\data\SitePackages\20250815185231.zip" date="2025-08-15T20:59:35.093" /><!-- duration: 31ms -->
    <step title="Saving request content to C:\home\data\SitePackages\20250815205934.zip" date="2025-08-15T20:59:35.124" >
      <step title="Total 30,239,051 bytes written to C:\home\data\SitePackages\20250815205934.zip" date="2025-08-15T20:59:58.102" /><!-- duration: 0ms -->
    </step><!-- duration: 23041ms -->
    <step title="LockFile &apos;C:\home\site\locks\deployments.lock&apos; released" date="2025-08-15T20:59:58.180" /><!-- duration: 16ms -->
    <step title="Deleting shutdown sentinel file" date="2025-08-15T20:59:58.212" SemaphoreCount="8" /><!-- duration: 0ms -->
    <step title="Starting FetchDeploy" date="2025-08-15T20:59:58.212" /><!-- duration: 16ms -->
    <step title="Start deployment in the background" date="2025-08-15T20:59:58.227" /><!-- duration: 109ms -->
  </step><!-- duration: 23369ms -->
  <step title="Outgoing response" date="2025-08-15T20:59:58.352" type="response" statusCode="202" statusText="Accepted" Server="Microsoft-IIS/10.0" x-ms-request-id="bd4bac93-7a1a-11f0-965d-2cf05dd1557a" Retry-After="30" Cache-Control="private" X-AspNet-Version="4.0.30319" Location="https://instruct-helixlaw-pitch.scm.azurewebsites.net/api/deployments/latest?deployer=ZipDeploy&amp;time=2025-08-15_20-59-58Z" /><!-- duration: 0ms -->
</step><!-- duration: 23572ms -->
