<step title="Incoming Request" date="2025-08-15T18:14:13.605" instance="55be94" url="/api/zipdeploy?isAsync=true" method="POST" type="request" pid="8200,2,13" Cache-Control="no-cache" Content-Length="30238233" Content-Type="application/octet-stream" Accept="*/*" Accept-Encoding="gzip, deflate" Authorization="Bea..." Host="instruct-helixlaw-pitch.scm.azurewebsites.net" User-Agent="AZURECLI/2.74.0 (MSI)" x-ms-client-request-id="a36bb3b6-7a03-11f0-b7ce-2cf05dd1557a" X-ARR-LOG-ID="a36bb3b6-7a03-11f0-b7ce-2cf05dd1557a" CLIENT-IP="89.238.24.75:53395" X-SITE-DEPLOYMENT-ID="instruct-helixlaw-pitch" WAS-DEFAULT-HOSTNAME="instruct-helixlaw-pitch.scm.azurewebsites.net" X-Forwarded-Proto="https" X-AppService-Proto="https" X-Forwarded-TlsVersion="1.3" X-WAWS-Unencoded-URL="/api/zipdeploy?isAsync=true" >
  <step title="Cleanup Xml Logs" date="2025-08-15T18:14:13.605" /><!-- duration: 16ms -->
  <step title="ZipPushDeploy" date="2025-08-15T18:14:13.761" >
    <step title="ZipDeploy. Run from package. Ignore remote build." date="2025-08-15T18:14:13.777" /><!-- duration: 0ms -->
    <step title="Starting PushDeployAsync" date="2025-08-15T18:14:13.793" /><!-- duration: 0ms -->
    <step title="Updating shutdown sentinel last write time" date="2025-08-15T18:14:13.840" SemaphoreCount="7" /><!-- duration: 16ms -->
    <step title="LockFile &apos;C:\home\site\locks\deployments.lock&apos; acquired" date="2025-08-15T18:14:13.855" /><!-- duration: 0ms -->
    <step title="Deleting outdated zip file C:\home\data\SitePackages\20250815172009.zip" date="2025-08-15T18:14:13.871" /><!-- duration: 16ms -->
    <step title="Saving request content to C:\home\data\SitePackages\20250815181413.zip" date="2025-08-15T18:14:13.886" >
      <step title="Total 30,238,233 bytes written to C:\home\data\SitePackages\20250815181413.zip" date="2025-08-15T18:14:37.520" /><!-- duration: 0ms -->
    </step><!-- duration: 23649ms -->
    <step title="LockFile &apos;C:\home\site\locks\deployments.lock&apos; released" date="2025-08-15T18:14:37.551" /><!-- duration: 0ms -->
    <step title="Deleting shutdown sentinel file" date="2025-08-15T18:14:37.567" SemaphoreCount="8" /><!-- duration: 0ms -->
    <step title="Starting FetchDeploy" date="2025-08-15T18:14:37.583" /><!-- duration: 0ms -->
    <step title="Start deployment in the background" date="2025-08-15T18:14:37.583" /><!-- duration: 109ms -->
  </step><!-- duration: 23930ms -->
  <step title="Outgoing response" date="2025-08-15T18:14:37.708" type="response" statusCode="202" statusText="Accepted" Server="Microsoft-IIS/10.0" x-ms-request-id="a36bb3b6-7a03-11f0-b7ce-2cf05dd1557a" Retry-After="30" Cache-Control="private" X-AspNet-Version="4.0.30319" Location="https://instruct-helixlaw-pitch.scm.azurewebsites.net/api/deployments/latest?deployer=ZipDeploy&amp;time=2025-08-15_18-14-37Z" /><!-- duration: 16ms -->
</step><!-- duration: 24118ms -->
