{"TimeStamp":"2025-08-16T00:53:35Z","SiteName":"instruct-helixlaw-pitch","RequestId":"e1cc133e-7a3a-11f0-8b62-2cf05dd1557a","Kind":"ZipDeploy","Status":"Success","Details":"{\"Id\":\"21c213e7c2d746658f95573510ad4e02\",\"Status\":4,\"StatusText\":\"\",\"AuthorEmail\":\"N/A\",\"Author\":\"N/A\",\"Message\":\"Created via a push deployment\",\"Progress\":\"\",\"Deployer\":\"ZipDeploy\",\"ReceivedTime\":\"2025-08-16T00:50:20.0584017Z\",\"StartTime\":\"2025-08-16T00:50:20.3396446Z\",\"EndTime\":\"2025-08-16T00:53:35.3679866Z\",\"LastSuccessEndTime\":\"2025-08-16T00:53:35.3679866Z\",\"Complete\":true,\"IsTemporary\":false,\"IsReadOnly\":true,\"SiteName\":\"instruct-helixlaw-pitch\",\"HostName\":\"instruct-helixlaw-pitch.scm.azurewebsites.net\",\"ProjectType\":\"NODE.JS\",\"VsProjectId\":null}"}