﻿<?xml version="1.0" encoding="utf-8"?>
<deployment>
  <id>5d05275ba36c4d8bb8ff8474d4c7a132</id>
  <author>N/A</author>
  <deployer>ZipDeploy</deployer>
  <authorEmail>N/A</authorEmail>
  <message>Created via a push deployment</message>
  <progress></progress>
  <status>Success</status>
  <statusText></statusText>
  <lastSuccessEndTime>2025-08-15T21:12:12.0796802Z</lastSuccessEndTime>
  <receivedTime>2025-08-15T21:12:11.7940542Z</receivedTime>
  <startTime>2025-08-15T21:12:11.8878024Z</startTime>
  <endTime>2025-08-15T21:12:12.0796802Z</endTime>
  <complete>True</complete>
  <is_temp>False</is_temp>
  <is_readonly>True</is_readonly>
  <project_type>Run-From-Zip</project_type>
  <vsproject_id></vsproject_id>
</deployment>