﻿<?xml version="1.0" encoding="utf-8"?>
<deployment>
  <id>21c213e7c2d746658f95573510ad4e02</id>
  <author>N/A</author>
  <deployer>ZipDeploy</deployer>
  <authorEmail>N/A</authorEmail>
  <message>Created via a push deployment</message>
  <progress></progress>
  <status>Success</status>
  <statusText></statusText>
  <lastSuccessEndTime>2025-08-16T00:53:35.3679866Z</lastSuccessEndTime>
  <receivedTime>2025-08-16T00:50:20.0584017Z</receivedTime>
  <startTime>2025-08-16T00:50:20.3396446Z</startTime>
  <endTime>2025-08-16T00:53:35.3679866Z</endTime>
  <complete>True</complete>
  <is_temp>False</is_temp>
  <is_readonly>True</is_readonly>
  <project_type>NODE.JS</project_type>
  <vsproject_id></vsproject_id>
</deployment>