﻿<?xml version="1.0" encoding="utf-8"?>
<deployment>
  <id>bf5463a7bba242cab57069d6dfe64fd5</id>
  <author>N/A</author>
  <deployer>ZipDeploy</deployer>
  <authorEmail>N/A</authorEmail>
  <message>Created via a push deployment</message>
  <progress></progress>
  <status>Success</status>
  <statusText></statusText>
  <lastSuccessEndTime>2025-08-15T18:14:39.2082041Z</lastSuccessEndTime>
  <receivedTime>2025-08-15T18:14:38.7237911Z</receivedTime>
  <startTime>2025-08-15T18:14:38.8800521Z</startTime>
  <endTime>2025-08-15T18:14:39.2082041Z</endTime>
  <complete>True</complete>
  <is_temp>False</is_temp>
  <is_readonly>True</is_readonly>
  <project_type>Run-From-Zip</project_type>
  <vsproject_id></vsproject_id>
</deployment>