﻿<?xml version="1.0" encoding="utf-8"?>
<deployment>
  <id>956c7eb4ac1344529b873b6607add67a</id>
  <author>N/A</author>
  <deployer>ZipDeploy</deployer>
  <authorEmail>N/A</authorEmail>
  <message>Created via a push deployment</message>
  <progress></progress>
  <status>Success</status>
  <statusText></statusText>
  <lastSuccessEndTime>2025-08-15T19:59:22.7603799Z</lastSuccessEndTime>
  <receivedTime>2025-08-15T19:59:22.3853645Z</receivedTime>
  <startTime>2025-08-15T19:59:22.4947486Z</startTime>
  <endTime>2025-08-15T19:59:22.7603799Z</endTime>
  <complete>True</complete>
  <is_temp>False</is_temp>
  <is_readonly>True</is_readonly>
  <project_type>Run-From-Zip</project_type>
  <vsproject_id></vsproject_id>
</deployment>