<step title="Incoming Request" date="2025-08-15T21:11:47.579" instance="9b73c6" url="/api/zipdeploy?isAsync=true" method="POST" type="request" pid="8904,2,10" Cache-Control="no-cache" Content-Length="30239051" Content-Type="application/octet-stream" Accept="*/*" Accept-Encoding="gzip, deflate" Authorization="Bea..." Host="instruct-helixlaw-pitch.scm.azurewebsites.net" User-Agent="AZURECLI/2.74.0 (MSI)" x-ms-client-request-id="72365cd9-7a1c-11f0-844d-2cf05dd1557a" X-ARR-LOG-ID="72365cd9-7a1c-11f0-844d-2cf05dd1557a" CLIENT-IP="89.238.24.75:62260" X-SITE-DEPLOYMENT-ID="instruct-helixlaw-pitch" WAS-DEFAULT-HOSTNAME="instruct-helixlaw-pitch.scm.azurewebsites.net" X-Forwarded-Proto="https" X-AppService-Proto="https" X-Forwarded-TlsVersion="1.3" X-WAWS-Unencoded-URL="/api/zipdeploy?isAsync=true" >
  <step title="Cleanup Xml Logs" date="2025-08-15T21:11:47.588" /><!-- duration: 0ms -->
  <step title="ZipPushDeploy" date="2025-08-15T21:11:47.760" >
    <step title="ZipDeploy. Run from package. Ignore remote build." date="2025-08-15T21:11:47.776" /><!-- duration: 0ms -->
    <step title="Starting PushDeployAsync" date="2025-08-15T21:11:47.776" /><!-- duration: 16ms -->
    <step title="Updating shutdown sentinel last write time" date="2025-08-15T21:11:47.823" SemaphoreCount="7" /><!-- duration: 16ms -->
    <step title="LockFile &apos;C:\home\site\locks\deployments.lock&apos; acquired" date="2025-08-15T21:11:47.838" /><!-- duration: 0ms -->
    <step title="Deleting outdated zip file C:\home\data\SitePackages\20250815194305.zip" date="2025-08-15T21:11:47.854" /><!-- duration: 16ms -->
    <step title="Saving request content to C:\home\data\SitePackages\20250815211147.zip" date="2025-08-15T21:11:47.869" >
      <step title="Total 30,239,051 bytes written to C:\home\data\SitePackages\20250815211147.zip" date="2025-08-15T21:12:10.919" /><!-- duration: 0ms -->
    </step><!-- duration: 23065ms -->
    <step title="LockFile &apos;C:\home\site\locks\deployments.lock&apos; released" date="2025-08-15T21:12:10.934" /><!-- duration: 16ms -->
    <step title="Deleting shutdown sentinel file" date="2025-08-15T21:12:10.950" SemaphoreCount="8" /><!-- duration: 0ms -->
    <step title="Starting FetchDeploy" date="2025-08-15T21:12:10.950" /><!-- duration: 16ms -->
    <step title="Start deployment in the background" date="2025-08-15T21:12:10.965" /><!-- duration: 78ms -->
  </step><!-- duration: 23284ms -->
  <step title="Outgoing response" date="2025-08-15T21:12:11.059" type="response" statusCode="202" statusText="Accepted" Server="Microsoft-IIS/10.0" x-ms-request-id="72365cd9-7a1c-11f0-844d-2cf05dd1557a" Retry-After="30" Cache-Control="private" X-AspNet-Version="4.0.30319" Location="https://instruct-helixlaw-pitch.scm.azurewebsites.net/api/deployments/latest?deployer=ZipDeploy&amp;time=2025-08-15_21-12-11Z" /><!-- duration: 0ms -->
</step><!-- duration: 23496ms -->
