<step title="BackgroundTrace" date="2025-08-15T19:43:27.905" instance="55be94" url="/api/zipdeploy" method="POST" >
  <step title="Cleanup Xml Logs" date="2025-08-15T19:43:27.921" /><!-- duration: 0ms -->
  <step title="Updating shutdown sentinel last write time" date="2025-08-15T19:43:27.952" SemaphoreCount="7" /><!-- duration: 0ms -->
  <step title="LockFile &apos;C:\home\site\locks\deployments.lock&apos; acquired" date="2025-08-15T19:43:27.952" /><!-- duration: 16ms -->
  <step title="Creating temporary deployment" date="2025-08-15T19:43:27.967" /><!-- duration: 31ms -->
  <step title="Performing fetch based deployment" date="2025-08-15T19:43:28.014" >
    <step title="Fetching changes." date="2025-08-15T19:43:28.092" /><!-- duration: 0ms -->
    <step title="Starting LocalZipHandler" date="2025-08-15T19:43:28.092" /><!-- duration: 16ms -->
    <step title="Starting ExtractTriggers" date="2025-08-15T19:43:28.108" /><!-- duration: 0ms -->
    <step title="Before sending BuildRequestReceived status to /api/updatedeploystatus" date="2025-08-15T19:43:28.999" /><!-- duration: 0ms -->
    <step title="DeploymentManager.Deploy(id:5b254821aac2407aa8ec36a9097026f4)" date="2025-08-15T19:43:29.015" >
      <step title="Collecting changeset information" date="2025-08-15T19:43:29.031" /><!-- duration: 31ms -->
      <step title="Updating submodules" date="2025-08-15T19:43:29.062" >
        <step title="Updating submodules." date="2025-08-15T19:43:29.109" /><!-- duration: 0ms -->
      </step><!-- duration: 62ms -->
      <step title="Preparing deployment for commit id &apos;5b254821aa&apos;." date="2025-08-15T19:43:29.156" /><!-- duration: 0ms -->
      <step title="Determining deployment builder" date="2025-08-15T19:43:29.203" >
        <step title="Builder is RunFromZipSiteBuilder" date="2025-08-15T19:43:29.203" /><!-- duration: 16ms -->
      </step><!-- duration: 16ms -->
      <step title="Copying SSH keys" date="2025-08-15T19:43:29.234" /><!-- duration: 0ms -->
      <step title="Building" date="2025-08-15T19:43:29.249" >
        <step title="Skipping build. Project type: Run-From-Zip" date="2025-08-15T19:43:29.296" /><!-- duration: 0ms -->
        <step title="Skipping post build. Project type: Run-From-Zip" date="2025-08-15T19:43:29.328" /><!-- duration: 0ms -->
        <step title="Triggering recycle (preview mode disabled)." date="2025-08-15T19:43:29.374" /><!-- duration: 16ms -->
        <step title="Ignoring FS watcher based recycle request as this is a classic Windows app." date="2025-08-15T19:43:29.390" /><!-- duration: 0ms -->
        <step title="Deployment successful. DEPLOYMENTINFO: deploymentPath = ZipDeploy. Run from package. Ignore remote build., deployer = ZipDeploy, os = windows, sku = Premium0V3, siteName = instruct-helixlaw-pitch, siteHostName = instruct-helixlaw-pitch.azurewebsites.net, deploymentStatus = Success" date="2025-08-15T19:43:29.437" /><!-- duration: 16ms -->
        <step title="Purge deployment items" date="2025-08-15T19:43:29.593" >
          <step title="Remove b97a5cb46, Success, received at 8/15/2025 10:17:57 AM" date="2025-08-15T19:43:29.640" /><!-- duration: 16ms -->
        </step><!-- duration: 63ms -->
      </step><!-- duration: 422ms -->
    </step><!-- duration: 672ms -->
    <step title="Cleaning up temp files" date="2025-08-15T19:43:29.687" /><!-- duration: 0ms -->
    <step title="Updating C:\home\data\SitePackages\packagename.txt with deployment 20250815194305.zip" date="2025-08-15T19:43:29.703" /><!-- duration: 63ms -->
    <step title="Skip function trigger and logicapp sync because function is not enabled." date="2025-08-15T19:43:29.765" /><!-- duration: 0ms -->
  </step><!-- duration: 1804ms -->
  <step title="LockFile &apos;C:\home\site\locks\deployments.lock&apos; released" date="2025-08-15T19:43:29.833" /><!-- duration: 0ms -->
  <step title="Deleting shutdown sentinel file" date="2025-08-15T19:43:29.833" SemaphoreCount="8" /><!-- duration: 16ms -->
</step><!-- duration: 1944ms -->
