<step title="Incoming Request" date="2025-08-15T17:59:43.791" instance="9b73c6" url="/api/zipdeploy?isAsync=true" method="POST" type="request" pid="3532,2,21" Cache-Control="no-cache" Content-Length="30238236" Content-Type="application/octet-stream" Accept="*/*" Accept-Encoding="gzip, deflate" Authorization="Bea..." Host="instruct-helixlaw-pitch.scm.azurewebsites.net" User-Agent="AZURECLI/2.74.0 (MSI)" x-ms-client-request-id="9d4895c3-7a01-11f0-b1ee-2cf05dd1557a" X-ARR-LOG-ID="9d4895c3-7a01-11f0-b1ee-2cf05dd1557a" CLIENT-IP="89.238.24.75:52730" X-SITE-DEPLOYMENT-ID="instruct-helixlaw-pitch" WAS-DEFAULT-HOSTNAME="instruct-helixlaw-pitch.scm.azurewebsites.net" X-Forwarded-Proto="https" X-AppService-Proto="https" X-Forwarded-TlsVersion="1.3" X-WAWS-Unencoded-URL="/api/zipdeploy?isAsync=true" >
  <step title="Cleanup Xml Logs" date="2025-08-15T17:59:43.791" /><!-- duration: 16ms -->
  <step title="ZipPushDeploy" date="2025-08-15T17:59:43.916" >
    <step title="ZipDeploy. Run from package. Ignore remote build." date="2025-08-15T17:59:43.932" /><!-- duration: 0ms -->
    <step title="Starting PushDeployAsync" date="2025-08-15T17:59:43.932" /><!-- duration: 16ms -->
    <step title="Updating shutdown sentinel last write time" date="2025-08-15T17:59:43.979" SemaphoreCount="7" /><!-- duration: 16ms -->
    <step title="LockFile &apos;C:\home\site\locks\deployments.lock&apos; acquired" date="2025-08-15T17:59:44.010" /><!-- duration: 0ms -->
    <step title="Deleting outdated zip file C:\home\data\SitePackages\20250815165102.zip" date="2025-08-15T17:59:44.026" /><!-- duration: 16ms -->
    <step title="Saving request content to C:\home\data\SitePackages\20250815175943.zip" date="2025-08-15T17:59:44.041" >
      <step title="Total 30,238,236 bytes written to C:\home\data\SitePackages\20250815175943.zip" date="2025-08-15T18:00:07.423" /><!-- duration: 0ms -->
    </step><!-- duration: 23413ms -->
    <step title="LockFile &apos;C:\home\site\locks\deployments.lock&apos; released" date="2025-08-15T18:00:07.455" /><!-- duration: 0ms -->
    <step title="Deleting shutdown sentinel file" date="2025-08-15T18:00:07.455" SemaphoreCount="8" /><!-- duration: 16ms -->
    <step title="Starting FetchDeploy" date="2025-08-15T18:00:07.470" /><!-- duration: 0ms -->
    <step title="Start deployment in the background" date="2025-08-15T18:00:07.470" /><!-- duration: 78ms -->
  </step><!-- duration: 23632ms -->
  <step title="Outgoing response" date="2025-08-15T18:00:07.564" type="response" statusCode="202" statusText="Accepted" Server="Microsoft-IIS/10.0" x-ms-request-id="9d4895c3-7a01-11f0-b1ee-2cf05dd1557a" Retry-After="30" Cache-Control="private" X-AspNet-Version="4.0.30319" Location="https://instruct-helixlaw-pitch.scm.azurewebsites.net/api/deployments/latest?deployer=ZipDeploy&amp;time=2025-08-15_18-00-07Z" /><!-- duration: 0ms -->
</step><!-- duration: 23788ms -->
