<step title="Incoming Request" date="2025-08-15T15:57:06.149" instance="14b7dc" url="/api/zipdeploy?isAsync=true" method="POST" type="request" pid="6028,2,13" Cache-Control="no-cache" Content-Length="30240336" Content-Type="application/octet-stream" Accept="*/*" Accept-Encoding="gzip, deflate" Authorization="Bea..." Host="instruct-helixlaw-pitch.scm.azurewebsites.net" User-Agent="AZURECLI/2.74.0 (MSI)" x-ms-client-request-id="7c4b980d-79f0-11f0-aff0-2cf05dd1557a" X-ARR-LOG-ID="7c4b980d-79f0-11f0-aff0-2cf05dd1557a" CLIENT-IP="89.238.24.75:61713" X-SITE-DEPLOYMENT-ID="instruct-helixlaw-pitch" WAS-DEFAULT-HOSTNAME="instruct-helixlaw-pitch.scm.azurewebsites.net" X-Forwarded-Proto="https" X-AppService-Proto="https" X-Forwarded-TlsVersion="1.3" X-WAWS-Unencoded-URL="/api/zipdeploy?isAsync=true" >
  <step title="Cleanup Xml Logs" date="2025-08-15T15:57:06.149" /><!-- duration: 0ms -->
  <step title="ZipPushDeploy" date="2025-08-15T15:57:06.289" >
    <step title="ZipDeploy. Run from package. Ignore remote build." date="2025-08-15T15:57:06.289" /><!-- duration: 16ms -->
    <step title="Starting PushDeployAsync" date="2025-08-15T15:57:06.305" /><!-- duration: 0ms -->
    <step title="Updating shutdown sentinel last write time" date="2025-08-15T15:57:06.352" SemaphoreCount="7" /><!-- duration: 0ms -->
    <step title="LockFile &apos;C:\home\site\locks\deployments.lock&apos; acquired" date="2025-08-15T15:57:06.367" /><!-- duration: 0ms -->
    <step title="Deleting outdated zip file C:\home\data\SitePackages\20250815101734.zip" date="2025-08-15T15:57:06.399" /><!-- duration: 0ms -->
    <step title="Saving request content to C:\home\data\SitePackages\20250815155706.zip" date="2025-08-15T15:57:06.414" >
      <step title="Total 30,240,336 bytes written to C:\home\data\SitePackages\20250815155706.zip" date="2025-08-15T15:57:29.853" /><!-- duration: 0ms -->
    </step><!-- duration: 23454ms -->
    <step title="LockFile &apos;C:\home\site\locks\deployments.lock&apos; released" date="2025-08-15T15:57:29.884" /><!-- duration: 0ms -->
    <step title="Deleting shutdown sentinel file" date="2025-08-15T15:57:29.900" SemaphoreCount="8" /><!-- duration: 0ms -->
    <step title="Starting FetchDeploy" date="2025-08-15T15:57:29.900" /><!-- duration: 16ms -->
    <step title="Start deployment in the background" date="2025-08-15T15:57:29.931" /><!-- duration: 78ms -->
  </step><!-- duration: 23736ms -->
  <step title="Outgoing response" date="2025-08-15T15:57:30.025" type="response" statusCode="202" statusText="Accepted" Server="Microsoft-IIS/10.0" x-ms-request-id="7c4b980d-79f0-11f0-aff0-2cf05dd1557a" Retry-After="30" Cache-Control="private" X-AspNet-Version="4.0.30319" Location="https://instruct-helixlaw-pitch.scm.azurewebsites.net/api/deployments/latest?deployer=ZipDeploy&amp;time=2025-08-15_15-57-30Z" /><!-- duration: 16ms -->
</step><!-- duration: 23892ms -->
