<step title="Incoming Request" date="2025-08-16T00:06:35.216" instance="14b7dc" url="/api/zipdeploy?isAsync=true" method="POST" type="request" pid="7952,2,31" Cache-Control="no-cache" Content-Length="30239183" Content-Type="application/octet-stream" Accept="*/*" Accept-Encoding="gzip, deflate" Authorization="Bea..." Host="instruct-helixlaw-pitch.scm.azurewebsites.net" User-Agent="AZURECLI/2.74.0 (MSI)" x-ms-client-request-id="dc909e06-7a34-11f0-930d-2cf05dd1557a" X-ARR-LOG-ID="dc909e06-7a34-11f0-930d-2cf05dd1557a" CLIENT-IP="89.238.24.75:52820" X-SITE-DEPLOYMENT-ID="instruct-helixlaw-pitch" WAS-DEFAULT-HOSTNAME="instruct-helixlaw-pitch.scm.azurewebsites.net" X-Forwarded-Proto="https" X-AppService-Proto="https" X-Forwarded-TlsVersion="1.3" X-WAWS-Unencoded-URL="/api/zipdeploy?isAsync=true" >
  <step title="Cleanup Xml Logs" date="2025-08-16T00:06:35.216" /><!-- duration: 16ms -->
  <step title="ZipPushDeploy" date="2025-08-16T00:06:35.232" >
    <step title="ZipDeploy. Extract zip. Remote build. " date="2025-08-16T00:06:35.232" /><!-- duration: 16ms -->
    <step title="Starting PushDeployAsync" date="2025-08-16T00:06:35.248" /><!-- duration: 16ms -->
    <step title="Updating shutdown sentinel last write time" date="2025-08-16T00:06:35.263" SemaphoreCount="7" /><!-- duration: 16ms -->
    <step title="LockFile &apos;C:\home\site\locks\deployments.lock&apos; acquired" date="2025-08-16T00:06:35.295" /><!-- duration: 0ms -->
    <step title="Saving request content to C:\local\Temp\zipdeploy\0hkjy3ev.zip" date="2025-08-16T00:06:35.310" >
      <step title="Total 30,239,183 bytes written to C:\local\Temp\zipdeploy\0hkjy3ev.zip" date="2025-08-16T00:06:58.950" /><!-- duration: 16ms -->
    </step><!-- duration: 23655ms -->
    <step title="LockFile &apos;C:\home\site\locks\deployments.lock&apos; released" date="2025-08-16T00:06:58.965" /><!-- duration: 0ms -->
    <step title="Deleting shutdown sentinel file" date="2025-08-16T00:06:58.981" SemaphoreCount="8" /><!-- duration: 0ms -->
    <step title="Starting FetchDeploy" date="2025-08-16T00:06:58.981" /><!-- duration: 16ms -->
    <step title="Start deployment in the background" date="2025-08-16T00:06:58.996" /><!-- duration: 94ms -->
  </step><!-- duration: 23858ms -->
  <step title="Outgoing response" date="2025-08-16T00:06:59.090" type="response" statusCode="202" statusText="Accepted" Server="Microsoft-IIS/10.0" x-ms-request-id="dc909e06-7a34-11f0-930d-2cf05dd1557a" Retry-After="30" Cache-Control="private" X-AspNet-Version="4.0.30319" Location="https://instruct-helixlaw-pitch.scm.azurewebsites.net/api/deployments/latest?deployer=ZipDeploy&amp;time=2025-08-16_00-06-59Z" /><!-- duration: 0ms -->
</step><!-- duration: 23889ms -->
