<step title="Incoming Request" date="2025-08-15T18:52:31.125" instance="9b73c6" url="/api/zipdeploy?isAsync=true" method="POST" type="request" pid="3564,2,8" Cache-Control="no-cache" Content-Length="30239180" Content-Type="application/octet-stream" Accept="*/*" Accept-Encoding="gzip, deflate" Authorization="Bea..." Host="instruct-helixlaw-pitch.scm.azurewebsites.net" User-Agent="AZURECLI/2.74.0 (MSI)" x-ms-client-request-id="fca56b6b-7a08-11f0-b237-2cf05dd1557a" X-ARR-LOG-ID="fca56b6b-7a08-11f0-b237-2cf05dd1557a" CLIENT-IP="89.238.24.75:55589" X-SITE-DEPLOYMENT-ID="instruct-helixlaw-pitch" WAS-DEFAULT-HOSTNAME="instruct-helixlaw-pitch.scm.azurewebsites.net" X-Forwarded-Proto="https" X-AppService-Proto="https" X-Forwarded-TlsVersion="1.3" X-WAWS-Unencoded-URL="/api/zipdeploy?isAsync=true" >
  <step title="Cleanup Xml Logs" date="2025-08-15T18:52:31.125" /><!-- duration: 16ms -->
  <step title="ZipPushDeploy" date="2025-08-15T18:52:31.250" >
    <step title="ZipDeploy. Run from package. Ignore remote build." date="2025-08-15T18:52:31.266" /><!-- duration: 0ms -->
    <step title="Starting PushDeployAsync" date="2025-08-15T18:52:31.266" /><!-- duration: 0ms -->
    <step title="Updating shutdown sentinel last write time" date="2025-08-15T18:52:31.329" SemaphoreCount="7" /><!-- duration: 0ms -->
    <step title="LockFile &apos;C:\home\site\locks\deployments.lock&apos; acquired" date="2025-08-15T18:52:31.329" /><!-- duration: 0ms -->
    <step title="Deleting outdated zip file C:\home\data\SitePackages\20250815174351.zip" date="2025-08-15T18:52:31.344" /><!-- duration: 16ms -->
    <step title="Saving request content to C:\home\data\SitePackages\20250815185231.zip" date="2025-08-15T18:52:31.360" >
      <step title="Total 30,239,180 bytes written to C:\home\data\SitePackages\20250815185231.zip" date="2025-08-15T18:52:54.058" /><!-- duration: 16ms -->
    </step><!-- duration: 22729ms -->
    <step title="LockFile &apos;C:\home\site\locks\deployments.lock&apos; released" date="2025-08-15T18:52:54.105" /><!-- duration: 0ms -->
    <step title="Deleting shutdown sentinel file" date="2025-08-15T18:52:54.120" SemaphoreCount="8" /><!-- duration: 0ms -->
    <step title="Starting FetchDeploy" date="2025-08-15T18:52:54.136" /><!-- duration: 0ms -->
    <step title="Start deployment in the background" date="2025-08-15T18:52:54.136" /><!-- duration: 62ms -->
  </step><!-- duration: 22948ms -->
  <step title="Outgoing response" date="2025-08-15T18:52:54.230" type="response" statusCode="202" statusText="Accepted" Server="Microsoft-IIS/10.0" x-ms-request-id="fca56b6b-7a08-11f0-b237-2cf05dd1557a" Retry-After="30" Cache-Control="private" X-AspNet-Version="4.0.30319" Location="https://instruct-helixlaw-pitch.scm.azurewebsites.net/api/deployments/latest?deployer=ZipDeploy&amp;time=2025-08-15_18-52-54Z" /><!-- duration: 0ms -->
</step><!-- duration: 23120ms -->
