<step title="Incoming Request" date="2025-08-15T19:43:04.980" instance="55be94" url="/api/zipdeploy?isAsync=true" method="POST" type="request" pid="9044,2,23" Cache-Control="no-cache" Content-Length="30238899" Content-Type="application/octet-stream" Accept="*/*" Accept-Encoding="gzip, deflate" Authorization="Bea..." Host="instruct-helixlaw-pitch.scm.azurewebsites.net" User-Agent="AZURECLI/2.74.0 (MSI)" x-ms-client-request-id="0d822c27-7a10-11f0-a505-2cf05dd1557a" X-ARR-LOG-ID="0d822c27-7a10-11f0-a505-2cf05dd1557a" CLIENT-IP="89.238.24.75:57447" X-SITE-DEPLOYMENT-ID="instruct-helixlaw-pitch" WAS-DEFAULT-HOSTNAME="instruct-helixlaw-pitch.scm.azurewebsites.net" X-Forwarded-Proto="https" X-AppService-Proto="https" X-Forwarded-TlsVersion="1.3" X-WAWS-Unencoded-URL="/api/zipdeploy?isAsync=true" >
  <step title="Cleanup Xml Logs" date="2025-08-15T19:43:04.980" /><!-- duration: 16ms -->
  <step title="ZipPushDeploy" date="2025-08-15T19:43:05.121" >
    <step title="ZipDeploy. Run from package. Ignore remote build." date="2025-08-15T19:43:05.137" /><!-- duration: 0ms -->
    <step title="Starting PushDeployAsync" date="2025-08-15T19:43:05.152" /><!-- duration: 0ms -->
    <step title="Updating shutdown sentinel last write time" date="2025-08-15T19:43:05.199" SemaphoreCount="7" /><!-- duration: 16ms -->
    <step title="LockFile &apos;C:\home\site\locks\deployments.lock&apos; acquired" date="2025-08-15T19:43:05.230" /><!-- duration: 0ms -->
    <step title="Deleting outdated zip file C:\home\data\SitePackages\20250815175943.zip" date="2025-08-15T19:43:05.246" /><!-- duration: 16ms -->
    <step title="Saving request content to C:\home\data\SitePackages\20250815194305.zip" date="2025-08-15T19:43:05.262" >
      <step title="Total 30,238,899 bytes written to C:\home\data\SitePackages\20250815194305.zip" date="2025-08-15T19:43:27.827" /><!-- duration: 0ms -->
    </step><!-- duration: 22581ms -->
    <step title="LockFile &apos;C:\home\site\locks\deployments.lock&apos; released" date="2025-08-15T19:43:27.858" /><!-- duration: 0ms -->
    <step title="Deleting shutdown sentinel file" date="2025-08-15T19:43:27.858" SemaphoreCount="8" /><!-- duration: 16ms -->
    <step title="Starting FetchDeploy" date="2025-08-15T19:43:27.889" /><!-- duration: 0ms -->
    <step title="Start deployment in the background" date="2025-08-15T19:43:27.905" /><!-- duration: 109ms -->
  </step><!-- duration: 22893ms -->
  <step title="Outgoing response" date="2025-08-15T19:43:28.030" type="response" statusCode="202" statusText="Accepted" Server="Microsoft-IIS/10.0" x-ms-request-id="0d822c27-7a10-11f0-a505-2cf05dd1557a" Retry-After="30" Cache-Control="private" X-AspNet-Version="4.0.30319" Location="https://instruct-helixlaw-pitch.scm.azurewebsites.net/api/deployments/latest?deployer=ZipDeploy&amp;time=2025-08-15_19-43-28Z" /><!-- duration: 0ms -->
</step><!-- duration: 23065ms -->
