<step title="Incoming Request" date="2025-08-15T22:43:14.388" instance="9b73c6" url="/api/zipdeploy?isAsync=true" method="POST" type="request" pid="6776,2,39" Cache-Control="no-cache" Content-Length="30239183" Content-Type="application/octet-stream" Accept="*/*" Accept-Encoding="gzip, deflate" Authorization="Bea..." Host="instruct-helixlaw-pitch.scm.azurewebsites.net" User-Agent="AZURECLI/2.74.0 (MSI)" x-ms-client-request-id="36eb723b-7a29-11f0-99f2-2cf05dd1557a" X-ARR-LOG-ID="36eb723b-7a29-11f0-99f2-2cf05dd1557a" CLIENT-IP="89.238.24.75:49385" X-SITE-DEPLOYMENT-ID="instruct-helixlaw-pitch" WAS-DEFAULT-HOSTNAME="instruct-helixlaw-pitch.scm.azurewebsites.net" X-Forwarded-Proto="https" X-AppService-Proto="https" X-Forwarded-TlsVersion="1.3" X-WAWS-Unencoded-URL="/api/zipdeploy?isAsync=true" >
  <step title="Cleanup Xml Logs" date="2025-08-15T22:43:14.403" /><!-- duration: 0ms -->
  <step title="ZipPushDeploy" date="2025-08-15T22:43:14.528" >
    <step title="ZipDeploy. Run from package. Ignore remote build." date="2025-08-15T22:43:14.528" /><!-- duration: 0ms -->
    <step title="Starting PushDeployAsync" date="2025-08-15T22:43:14.544" /><!-- duration: 0ms -->
    <step title="Updating shutdown sentinel last write time" date="2025-08-15T22:43:14.591" SemaphoreCount="7" /><!-- duration: 0ms -->
    <step title="LockFile &apos;C:\home\site\locks\deployments.lock&apos; acquired" date="2025-08-15T22:43:14.591" /><!-- duration: 0ms -->
    <step title="Deleting outdated zip file C:\home\data\SitePackages\20250815195856.zip" date="2025-08-15T22:43:14.607" /><!-- duration: 0ms -->
    <step title="Saving request content to C:\home\data\SitePackages\20250815224314.zip" date="2025-08-15T22:43:14.607" >
      <step title="Total 30,239,183 bytes written to C:\home\data\SitePackages\20250815224314.zip" date="2025-08-15T22:43:38.006" /><!-- duration: 16ms -->
    </step><!-- duration: 23415ms -->
    <step title="LockFile &apos;C:\home\site\locks\deployments.lock&apos; released" date="2025-08-15T22:43:38.037" /><!-- duration: 0ms -->
    <step title="Deleting shutdown sentinel file" date="2025-08-15T22:43:38.037" SemaphoreCount="8" /><!-- duration: 0ms -->
    <step title="Starting FetchDeploy" date="2025-08-15T22:43:38.052" /><!-- duration: 0ms -->
    <step title="Start deployment in the background" date="2025-08-15T22:43:38.068" /><!-- duration: 78ms -->
  </step><!-- duration: 23618ms -->
  <step title="Outgoing response" date="2025-08-15T22:43:38.162" type="response" statusCode="202" statusText="Accepted" Server="Microsoft-IIS/10.0" x-ms-request-id="36eb723b-7a29-11f0-99f2-2cf05dd1557a" Retry-After="30" Cache-Control="private" X-AspNet-Version="4.0.30319" Location="https://instruct-helixlaw-pitch.scm.azurewebsites.net/api/deployments/latest?deployer=ZipDeploy&amp;time=2025-08-15_22-43-38Z" /><!-- duration: 0ms -->
</step><!-- duration: 23774ms -->
