<step title="Incoming Request" date="2025-08-15T17:43:51.127" instance="9b73c6" url="/api/zipdeploy?isAsync=true" method="POST" type="request" pid="8704,2,18" Cache-Control="no-cache" Content-Length="30238205" Content-Type="application/octet-stream" Accept="*/*" Accept-Encoding="gzip, deflate" Authorization="Bea..." Host="instruct-helixlaw-pitch.scm.azurewebsites.net" User-Agent="AZURECLI/2.74.0 (MSI)" x-ms-client-request-id="6566ac09-79ff-11f0-9828-2cf05dd1557a" X-ARR-LOG-ID="6566ac09-79ff-11f0-9828-2cf05dd1557a" CLIENT-IP="89.238.24.75:51989" X-SITE-DEPLOYMENT-ID="instruct-helixlaw-pitch" WAS-DEFAULT-HOSTNAME="instruct-helixlaw-pitch.scm.azurewebsites.net" X-Forwarded-Proto="https" X-AppService-Proto="https" X-Forwarded-TlsVersion="1.3" X-WAWS-Unencoded-URL="/api/zipdeploy?isAsync=true" >
  <step title="Cleanup Xml Logs" date="2025-08-15T17:43:51.127" /><!-- duration: 0ms -->
  <step title="ZipPushDeploy" date="2025-08-15T17:43:51.284" >
    <step title="ZipDeploy. Run from package. Ignore remote build." date="2025-08-15T17:43:51.299" /><!-- duration: 0ms -->
    <step title="Starting PushDeployAsync" date="2025-08-15T17:43:51.315" /><!-- duration: 0ms -->
    <step title="Updating shutdown sentinel last write time" date="2025-08-15T17:43:51.362" SemaphoreCount="7" /><!-- duration: 0ms -->
    <step title="LockFile &apos;C:\home\site\locks\deployments.lock&apos; acquired" date="2025-08-15T17:43:51.377" /><!-- duration: 16ms -->
    <step title="Deleting outdated zip file C:\home\data\SitePackages\20250815155706.zip" date="2025-08-15T17:43:51.440" /><!-- duration: 16ms -->
    <step title="Saving request content to C:\home\data\SitePackages\20250815174351.zip" date="2025-08-15T17:43:51.456" >
      <step title="Total 30,238,205 bytes written to C:\home\data\SitePackages\20250815174351.zip" date="2025-08-15T17:44:14.428" /><!-- duration: 16ms -->
    </step><!-- duration: 23019ms -->
    <step title="LockFile &apos;C:\home\site\locks\deployments.lock&apos; released" date="2025-08-15T17:44:14.475" /><!-- duration: 16ms -->
    <step title="Deleting shutdown sentinel file" date="2025-08-15T17:44:14.490" SemaphoreCount="8" /><!-- duration: 0ms -->
    <step title="Starting FetchDeploy" date="2025-08-15T17:44:14.490" /><!-- duration: 16ms -->
    <step title="Start deployment in the background" date="2025-08-15T17:44:14.522" /><!-- duration: 78ms -->
  </step><!-- duration: 23316ms -->
  <step title="Outgoing response" date="2025-08-15T17:44:14.600" type="response" statusCode="202" statusText="Accepted" Server="Microsoft-IIS/10.0" x-ms-request-id="6566ac09-79ff-11f0-9828-2cf05dd1557a" Retry-After="30" Cache-Control="private" X-AspNet-Version="4.0.30319" Location="https://instruct-helixlaw-pitch.scm.azurewebsites.net/api/deployments/latest?deployer=ZipDeploy&amp;time=2025-08-15_17-44-14Z" /><!-- duration: 16ms -->
</step><!-- duration: 23488ms -->
