<step title="Incoming Request" date="2025-08-15T17:20:08.969" instance="55be94" url="/api/zipdeploy?isAsync=true" method="POST" type="request" pid="9172,2,12" Cache-Control="no-cache" Content-Length="30238117" Content-Type="application/octet-stream" Accept="*/*" Accept-Encoding="gzip, deflate" Authorization="Bea..." Host="instruct-helixlaw-pitch.scm.azurewebsites.net" User-Agent="AZURECLI/2.74.0 (MSI)" x-ms-client-request-id="153663c8-79fc-11f0-83bb-2cf05dd1557a" X-ARR-LOG-ID="153663c8-79fc-11f0-83bb-2cf05dd1557a" CLIENT-IP="89.238.24.75:50156" X-SITE-DEPLOYMENT-ID="instruct-helixlaw-pitch" WAS-DEFAULT-HOSTNAME="instruct-helixlaw-pitch.scm.azurewebsites.net" X-Forwarded-Proto="https" X-AppService-Proto="https" X-Forwarded-TlsVersion="1.3" X-WAWS-Unencoded-URL="/api/zipdeploy?isAsync=true" >
  <step title="Cleanup Xml Logs" date="2025-08-15T17:20:08.985" /><!-- duration: 16ms -->
  <step title="ZipPushDeploy" date="2025-08-15T17:20:09.188" >
    <step title="ZipDeploy. Run from package. Ignore remote build." date="2025-08-15T17:20:09.203" /><!-- duration: 16ms -->
    <step title="Starting PushDeployAsync" date="2025-08-15T17:20:09.219" /><!-- duration: 0ms -->
    <step title="Updating shutdown sentinel last write time" date="2025-08-15T17:20:09.282" SemaphoreCount="7" /><!-- duration: 0ms -->
    <step title="LockFile &apos;C:\home\site\locks\deployments.lock&apos; acquired" date="2025-08-15T17:20:09.297" /><!-- duration: 0ms -->
    <step title="Deleting outdated zip file C:\home\data\SitePackages\20250815154524.zip" date="2025-08-15T17:20:09.313" /><!-- duration: 16ms -->
    <step title="Saving request content to C:\home\data\SitePackages\20250815172009.zip" date="2025-08-15T17:20:09.328" >
      <step title="Total 30,238,117 bytes written to C:\home\data\SitePackages\20250815172009.zip" date="2025-08-15T17:20:31.555" /><!-- duration: 16ms -->
    </step><!-- duration: 22258ms -->
    <step title="LockFile &apos;C:\home\site\locks\deployments.lock&apos; released" date="2025-08-15T17:20:31.602" /><!-- duration: 16ms -->
    <step title="Deleting shutdown sentinel file" date="2025-08-15T17:20:31.633" SemaphoreCount="8" /><!-- duration: 0ms -->
    <step title="Starting FetchDeploy" date="2025-08-15T17:20:31.727" /><!-- duration: 31ms -->
    <step title="Start deployment in the background" date="2025-08-15T17:20:31.789" /><!-- duration: 109ms -->
  </step><!-- duration: 22727ms -->
  <step title="Outgoing response" date="2025-08-15T17:20:31.930" type="response" statusCode="202" statusText="Accepted" Server="Microsoft-IIS/10.0" x-ms-request-id="153663c8-79fc-11f0-83bb-2cf05dd1557a" Retry-After="30" Cache-Control="private" X-AspNet-Version="4.0.30319" Location="https://instruct-helixlaw-pitch.scm.azurewebsites.net/api/deployments/latest?deployer=ZipDeploy&amp;time=2025-08-15_17-20-31Z" /><!-- duration: 16ms -->
</step><!-- duration: 22977ms -->
