<step title="Incoming Request" date="2025-08-16T00:49:39.871" instance="9b73c6" url="/api/zipdeploy?isAsync=true" method="POST" type="request" pid="7076,2,16" Cache-Control="no-cache" Content-Length="30239335" Content-Type="application/octet-stream" Accept="*/*" Accept-Encoding="gzip, deflate" Authorization="Bea..." Host="instruct-helixlaw-pitch.scm.azurewebsites.net" User-Agent="AZURECLI/2.74.0 (MSI)" x-ms-client-request-id="e1cc133e-7a3a-11f0-8b62-2cf05dd1557a" X-ARR-LOG-ID="e1cc133e-7a3a-11f0-8b62-2cf05dd1557a" CLIENT-IP="89.238.24.75:54620" X-SITE-DEPLOYMENT-ID="instruct-helixlaw-pitch" WAS-DEFAULT-HOSTNAME="instruct-helixlaw-pitch.scm.azurewebsites.net" X-Forwarded-Proto="https" X-AppService-Proto="https" X-Forwarded-TlsVersion="1.3" X-WAWS-Unencoded-URL="/api/zipdeploy?isAsync=true" >
  <step title="Cleanup Xml Logs" date="2025-08-16T00:49:39.871" /><!-- duration: 0ms -->
  <step title="ZipPushDeploy" date="2025-08-16T00:49:39.903" >
    <step title="ZipDeploy. Extract zip. Remote build. " date="2025-08-16T00:49:39.918" /><!-- duration: 0ms -->
    <step title="Starting PushDeployAsync" date="2025-08-16T00:49:39.918" /><!-- duration: 0ms -->
    <step title="Updating shutdown sentinel last write time" date="2025-08-16T00:49:39.934" SemaphoreCount="7" /><!-- duration: 0ms -->
    <step title="LockFile &apos;C:\home\site\locks\deployments.lock&apos; acquired" date="2025-08-16T00:49:39.950" /><!-- duration: 16ms -->
    <step title="Saving request content to C:\local\Temp\zipdeploy\vjmf0c0x.zip" date="2025-08-16T00:49:39.965" >
      <step title="Total 30,239,335 bytes written to C:\local\Temp\zipdeploy\vjmf0c0x.zip" date="2025-08-16T00:50:03.683" /><!-- duration: 0ms -->
    </step><!-- duration: 23734ms -->
    <step title="LockFile &apos;C:\home\site\locks\deployments.lock&apos; released" date="2025-08-16T00:50:03.699" /><!-- duration: 0ms -->
    <step title="Deleting shutdown sentinel file" date="2025-08-16T00:50:03.714" SemaphoreCount="8" /><!-- duration: 0ms -->
    <step title="Starting FetchDeploy" date="2025-08-16T00:50:03.730" /><!-- duration: 0ms -->
    <step title="Start deployment in the background" date="2025-08-16T00:50:03.730" /><!-- duration: 78ms -->
  </step><!-- duration: 23905ms -->
  <step title="Outgoing response" date="2025-08-16T00:50:03.808" type="response" statusCode="202" statusText="Accepted" Server="Microsoft-IIS/10.0" x-ms-request-id="e1cc133e-7a3a-11f0-8b62-2cf05dd1557a" Retry-After="30" Cache-Control="private" X-AspNet-Version="4.0.30319" Location="https://instruct-helixlaw-pitch.scm.azurewebsites.net/api/deployments/latest?deployer=ZipDeploy&amp;time=2025-08-16_00-50-03Z" /><!-- duration: 16ms -->
</step><!-- duration: 23952ms -->
