<step title="BackgroundTrace" date="2025-08-15T21:12:10.965" instance="9b73c6" url="/api/zipdeploy" method="POST" >
  <step title="Cleanup Xml Logs" date="2025-08-15T21:12:10.981" /><!-- duration: 0ms -->
  <step title="Updating shutdown sentinel last write time" date="2025-08-15T21:12:10.997" SemaphoreCount="7" /><!-- duration: 0ms -->
  <step title="LockFile &apos;C:\home\site\locks\deployments.lock&apos; acquired" date="2025-08-15T21:12:10.997" /><!-- duration: 0ms -->
  <step title="Creating temporary deployment" date="2025-08-15T21:12:11.012" /><!-- duration: 16ms -->
  <step title="Performing fetch based deployment" date="2025-08-15T21:12:11.044" >
    <step title="Fetching changes." date="2025-08-15T21:12:11.106" /><!-- duration: 0ms -->
    <step title="Starting LocalZipHandler" date="2025-08-15T21:12:11.122" /><!-- duration: 0ms -->
    <step title="Starting ExtractTriggers" date="2025-08-15T21:12:11.122" /><!-- duration: 0ms -->
    <step title="Before sending BuildRequestReceived status to /api/updatedeploystatus" date="2025-08-15T21:12:11.778" /><!-- duration: 0ms -->
    <step title="DeploymentManager.Deploy(id:5d05275ba36c4d8bb8ff8474d4c7a132)" date="2025-08-15T21:12:11.778" >
      <step title="Collecting changeset information" date="2025-08-15T21:12:11.794" /><!-- duration: 31ms -->
      <step title="Updating submodules" date="2025-08-15T21:12:11.825" >
        <step title="Updating submodules." date="2025-08-15T21:12:11.840" /><!-- duration: 0ms -->
      </step><!-- duration: 31ms -->
      <step title="Preparing deployment for commit id &apos;5d05275ba3&apos;." date="2025-08-15T21:12:11.872" /><!-- duration: 16ms -->
      <step title="Determining deployment builder" date="2025-08-15T21:12:11.903" >
        <step title="Builder is RunFromZipSiteBuilder" date="2025-08-15T21:12:11.903" /><!-- duration: 0ms -->
      </step><!-- duration: 16ms -->
      <step title="Copying SSH keys" date="2025-08-15T21:12:11.919" /><!-- duration: 16ms -->
      <step title="Building" date="2025-08-15T21:12:11.934" >
        <step title="Skipping build. Project type: Run-From-Zip" date="2025-08-15T21:12:11.965" /><!-- duration: 0ms -->
        <step title="Skipping post build. Project type: Run-From-Zip" date="2025-08-15T21:12:11.997" /><!-- duration: 0ms -->
        <step title="Triggering recycle (preview mode disabled)." date="2025-08-15T21:12:12.028" /><!-- duration: 0ms -->
        <step title="Ignoring FS watcher based recycle request as this is a classic Windows app." date="2025-08-15T21:12:12.028" /><!-- duration: 0ms -->
        <step title="Deployment successful. DEPLOYMENTINFO: deploymentPath = ZipDeploy. Run from package. Ignore remote build., deployer = ZipDeploy, os = windows, sku = Premium0V3, siteName = instruct-helixlaw-pitch, siteHostName = instruct-helixlaw-pitch.azurewebsites.net, deploymentStatus = Success" date="2025-08-15T21:12:12.059" /><!-- duration: 0ms -->
        <step title="Purge deployment items" date="2025-08-15T21:12:12.173" >
          <step title="Remove d232f7df6, Success, received at 8/15/2025 3:57:30 PM" date="2025-08-15T21:12:12.220" /><!-- duration: 0ms -->
        </step><!-- duration: 63ms -->
      </step><!-- duration: 301ms -->
    </step><!-- duration: 473ms -->
    <step title="Cleaning up temp files" date="2025-08-15T21:12:12.251" /><!-- duration: 0ms -->
    <step title="Updating C:\home\data\SitePackages\packagename.txt with deployment 20250815211147.zip" date="2025-08-15T21:12:12.251" /><!-- duration: 62ms -->
    <step title="Skip function trigger and logicapp sync because function is not enabled." date="2025-08-15T21:12:12.329" /><!-- duration: 0ms -->
  </step><!-- duration: 1317ms -->
  <step title="LockFile &apos;C:\home\site\locks\deployments.lock&apos; released" date="2025-08-15T21:12:12.360" /><!-- duration: 0ms -->
  <step title="Deleting shutdown sentinel file" date="2025-08-15T21:12:12.360" SemaphoreCount="8" /><!-- duration: 0ms -->
</step><!-- duration: 1411ms -->
