﻿<?xml version="1.0" encoding="utf-8"?>
<deployment>
  <id>710909fe701a47b688be839ed905249b</id>
  <author>N/A</author>
  <deployer>ZipDeploy</deployer>
  <authorEmail>N/A</authorEmail>
  <message>Created via a push deployment</message>
  <progress></progress>
  <status>Success</status>
  <statusText></statusText>
  <lastSuccessEndTime>2025-08-15T21:00:00.1049371Z</lastSuccessEndTime>
  <receivedTime>2025-08-15T20:59:59.587207Z</receivedTime>
  <startTime>2025-08-15T20:59:59.7611621Z</startTime>
  <endTime>2025-08-15T21:00:00.1049371Z</endTime>
  <complete>True</complete>
  <is_temp>False</is_temp>
  <is_readonly>True</is_readonly>
  <project_type>Run-From-Zip</project_type>
  <vsproject_id></vsproject_id>
</deployment>