<root>
  <Element ElementId="VisaCvcInfo">
    <Languages>
      <Language Id="en_us"></Language>
    </Languages>
  </Element>
  <Element ElementId="MasterCardCvcInfo">
    <Languages>
      <Language Id="en_us"></Language>
    </Languages>
  </Element>
  <Element ElementId="EurocardCvcInfo">
    <Languages>
      <Language Id="en_us"></Language>
    </Languages>
  </Element>
  <Element ElementId="DinersClubCvcInfo">
    <Languages>
      <Language Id="en_us"></Language>
    </Languages>
  </Element>
  <Element ElementId="JcbCvcInfo">
    <Languages>
      <Language Id="en_us"></Language>
    </Languages>
  </Element>
  <Element ElementId="AmericanExpressCvcInfo">
    <Languages>
      <Language Id="en_us"></Language>
    </Languages>
  </Element>
  <Element ElementId="DefaultCvcInfo">
    <Languages>
      <Language Id="en_us"></Language>
    </Languages>
  </Element>
</root>
