﻿<?xml version="1.0" encoding="utf-8"?>
<deployment>
  <id>5b254821aac2407aa8ec36a9097026f4</id>
  <author>N/A</author>
  <deployer>ZipDeploy</deployer>
  <authorEmail>N/A</authorEmail>
  <message>Created via a push deployment</message>
  <progress></progress>
  <status>Success</status>
  <statusText></statusText>
  <lastSuccessEndTime>2025-08-15T19:43:29.4687161Z</lastSuccessEndTime>
  <receivedTime>2025-08-15T19:43:29.0468007Z</receivedTime>
  <startTime>2025-08-15T19:43:29.1874379Z</startTime>
  <endTime>2025-08-15T19:43:29.4687161Z</endTime>
  <complete>True</complete>
  <is_temp>False</is_temp>
  <is_readonly>True</is_readonly>
  <project_type>Run-From-Zip</project_type>
  <vsproject_id></vsproject_id>
</deployment>