﻿<?xml version="1.0" encoding="utf-8"?>
<deployment>
  <id>c91a7b72403647a68a8cfa768dbeb8b1</id>
  <author>N/A</author>
  <deployer>ZipDeploy</deployer>
  <authorEmail>N/A</authorEmail>
  <message>Created via a push deployment</message>
  <progress></progress>
  <status>Success</status>
  <statusText></statusText>
  <lastSuccessEndTime>2025-08-15T22:43:39.1787582Z</lastSuccessEndTime>
  <receivedTime>2025-08-15T22:43:38.8810861Z</receivedTime>
  <startTime>2025-08-15T22:43:38.9756027Z</startTime>
  <endTime>2025-08-15T22:43:39.1787582Z</endTime>
  <complete>True</complete>
  <is_temp>False</is_temp>
  <is_readonly>True</is_readonly>
  <project_type>Run-From-Zip</project_type>
  <vsproject_id></vsproject_id>
</deployment>