{
    "styleGuide": {
      "description": "Universal style guide for consistent design across multiple projects, derived exclusively from provided CSS and TypeScript files.",
      "metadata": {
        "version": "1.0.0",
        "generatedDate": "2025-04-22",
        "purpose": "To provide a reusable, framework-agnostic design system based on provided source files."
      },
      "designTokens": {
        "colors": {
          "primary": {
            "value": "#D65541",
            "description": "Primary color for call-to-action buttons and highlights, derived from cta"
          },
          "secondary": {
            "value": "#3690CE",
            "description": "Secondary color for interactive elements, derived from helixHighlight"
          },
          "neutralDark": {
            "value": "#061733",
            "description": "Dark neutral color for text and headers, derived from helixDarkBlue"
          },
          "neutralMedium": {
            "value": "#0D2F60",
            "description": "Medium neutral color for borders and accents, derived from helixBlue"
          },
          "neutralLight": {
            "value": "#F4F4F6",
            "description": "Light neutral color for backgrounds, derived from helixGrey"
          },
          "success": {
            "value": "#28A745",
            "description": "Color for success states and confirmations, derived from green"
          },
          "error": {
            "value": "#DC2626",
            "description": "Color for error messages, derived from ProofOfId.css"
          },
          "background": {
            "value": "#FFFFFF",
            "description": "Default background color for containers, derived from multiple files"
          },
          "text": {
            "value": "#333333",
            "description": "Default text color, derived from ProofOfId.css"
          },
          "neutralSecondary": {
            "value": "#EBEBEB",
            "description": "Background for secondary buttons, derived from secondaryButtonBackground"
          }
        },
        "typography": {
          "fontFamily": {
            "value": "'Raleway', sans-serif",
            "description": "Primary font family, derived from global.css"
          },
          "fontSizes": {
            "xs": {
              "value": "12px",
              "description": "Extra small text for tooltips and minor details, derived from DocumentUpload.css"
            },
            "sm": {
              "value": "13px",
              "description": "Small text for secondary information, derived from HomePage.css"
            },
            "base": {
              "value": "14px",
              "description": "Base font size for body text, derived from global.css"
            },
            "md": {
              "value": "16px",
              "description": "Medium size for inputs and subtitles, derived from global.css"
            },
            "lg": {
              "value": "18px",
              "description": "Large size for headings, derived from HomePage.css"
            },
            "xl": {
              "value": "20px",
              "description": "Extra large size for section titles, derived from HomePage.css"
            },
            "xxl": {
              "value": "24px",
              "description": "Very large size for major headings, derived from ProofOfId.css"
            }
          },
          "fontWeights": {
            "regular": {
              "value": "400",
              "description": "Regular weight for body text, derived from global.css"
            },
            "medium": {
              "value": "500",
              "description": "Medium weight for emphasized text, derived from HomePage.css"
            },
            "semiBold": {
              "value": "600",
              "description": "Semi-bold for headings and buttons, derived from ButtonStyles.ts"
            },
            "bold": {
              "value": "700",
              "description": "Bold for major headings, derived from ProofOfId.css"
            }
          },
          "lineHeights": {
            "tight": {
              "value": "1.4",
              "description": "Tighter line height for compact text, derived from HomePage.css"
            },
            "normal": {
              "value": "1.6",
              "description": "Standard line height for readability, derived from global.css"
            }
          }
        },
        "spacing": {
          "xs": {
            "value": "4px",
            "description": "Extra small spacing for tight gaps, derived from DocumentUpload.css"
          },
          "sm": {
            "value": "8px",
            "description": "Small spacing for margins and padding, derived from multiple files"
          },
          "md": {
            "value": "12px",
            "description": "Medium spacing for components, derived from HomePage.css"
          },
          "lg": {
            "value": "16px",
            "description": "Large spacing for sections, derived from DocumentUpload.css"
          },
          "xl": {
            "value": "20px",
            "description": "Extra large spacing for layouts, derived from global.css"
          },
          "xxl": {
            "value": "24px",
            "description": "Very large spacing for major sections, derived from HomePage.css"
          }
        },
        "borderRadius": {
          "sm": {
            "value": "4px",
            "description": "Small radius for buttons and cards, derived from ButtonStyles.ts"
          },
          "md": {
            "value": "6px",
            "description": "Medium radius for inputs, derived from DocumentUpload.css"
          },
          "lg": {
            "value": "8px",
            "description": "Large radius for banners, derived from InstructionDetailsConfirmation.css"
          },
          "full": {
            "value": "50%",
            "description": "Full radius for circular elements, derived from ProofOfId.css"
          }
        },
        "shadows": {
          "sm": {
            "value": "0 1px 3px rgba(0, 0, 0, 0.08)",
            "description": "Subtle shadow for cards, derived from payments.css"
          },
          "md": {
            "value": "0 2px 6px rgba(0, 0, 0, 0.05)",
            "description": "Standard shadow for sections, derived from payments.css"
          },
          "lg": {
            "value": "0 4px 20px rgba(0, 0, 0, 0.05)",
            "description": "Elevated shadow for modals, derived from HomePage.css"
          },
          "focus": {
            "value": "0 0 5px rgba(54, 144, 206, 0.3)",
            "description": "Focus ring for inputs, derived from global.css"
          }
        },
        "transitions": {
          "default": {
            "value": "all 0.3s ease",
            "description": "Standard transition for state changes, derived from ButtonStyles.ts"
          },
          "fast": {
            "value": "all 0.2s ease",
            "description": "Fast transition for hover effects, derived from DocumentUpload.css"
          },
          "smooth": {
            "value": "all 0.4s cubic-bezier(0.4, 0, 0.2, 1)",
            "description": "Smooth transition for animations, derived from HomePage.css"
          }
        }
      },
      "components": {
        "button": {
          "primary": {
            "description": "Primary button for main actions, derived from sharedPrimaryButtonStyles",
            "base": {
              "padding": "6px 12px",
              "borderRadius": "4px",
              "backgroundColor": "#D65541",
              "color": "#FFFFFF",
              "fontSize": "14px",
              "fontWeight": "600",
              "border": "none",
              "cursor": "pointer",
              "height": "40px",
              "transition": "background 0.3s ease, box-shadow 0.3s ease"
            },
            "hover": {
              "background": "radial-gradient(circle at center, rgba(0,0,0,0) 0%, rgba(0,0,0,0.15) 100%), #D65541",
              "boxShadow": "0 0 8px rgba(0,0,0,0.2)"
            },
            "active": {
              "background": "radial-gradient(circle at center, rgba(0,0,0,0) 0%, rgba(0,0,0,0.15) 100%), #D65541",
              "boxShadow": "0 0 8px rgba(0,0,0,0.3)"
            },
            "focus": {
              "outline": "none",
              "backgroundColor": "#D65541"
            },
            "disabled": {
              "backgroundColor": "#D1D5DB",
              "color": "#6B7280",
              "cursor": "not-allowed"
            }
          },
          "secondary": {
            "description": "Secondary button for less prominent actions, derived from sharedDefaultButtonStyles",
            "base": {
              "padding": "6px 12px",
              "borderRadius": "4px",
              "backgroundColor": "#EBEBEB",
              "color": "#333333",
              "fontSize": "14px",
              "fontWeight": "400",
              "border": "none",
              "cursor": "pointer",
              "height": "40px",
              "transition": "background 0.3s ease, box-shadow 0.3s ease"
            },
            "hover": {
              "background": "radial-gradient(circle at center, rgba(0,0,0,0) 0%, rgba(0,0,0,0.1) 100%), #EBEBEB",
              "boxShadow": "0 2px 6px rgba(0,0,0,0.15)"
            },
            "active": {
              "background": "radial-gradient(circle at center, rgba(0,0,0,0) 0%, rgba(0,0,0,0.15) 100%), #EBEBEB",
              "boxShadow": "0 0 8px rgba(0,0,0,0.2)"
            },
            "focus": {
              "outline": "none",
              "backgroundColor": "#EBEBEB"
            },
            "disabled": {
              "backgroundColor": "#EBEBEB",
              "color": "#6B7280",
              "cursor": "not-allowed"
            }
          },
          "outline": {
            "description": "Outline button for tertiary actions, derived from sharedDraftConfirmedButtonStyles",
            "base": {
              "padding": "6px 12px",
              "borderRadius": "4px",
              "backgroundColor": "transparent",
              "color": "#28A745",
              "fontSize": "14px",
              "fontWeight": "600",
              "border": "2px solid #28A745",
              "cursor": "pointer",
              "height": "40px",
              "transition": "background 0.3s ease, box-shadow 0.3s ease"
            },
            "hover": {
              "backgroundColor": "#28A745CC",
              "boxShadow": "inset 0 0 5px rgba(0,0,0,0.3)"
            },
            "active": {
              "backgroundColor": "#28A745B3",
              "boxShadow": "inset 0 0 8px rgba(0,0,0,0.3)"
            },
            "focus": {
              "outline": "none",
              "backgroundColor": "transparent",
              "border": "2px solid #28A745"
            },
            "disabled": {
              "backgroundColor": "transparent",
              "color": "#28A745",
              "border": "2px solid #28A745",
              "cursor": "not-allowed"
            }
          }
        },
        "input": {
          "text": {
            "description": "Standard text input field, derived from global.css and ProofOfId.css",
            "base": {
              "padding": "10px 12px",
              "borderRadius": "4px",
              "border": "1px solid #0D2F60",
              "backgroundColor": "#F4F4F6",
              "color": "#333333",
              "fontSize": "16px",
              "transition": "border-color 0.3s ease, box-shadow 0.3s ease"
            },
            "focus": {
              "borderColor": "#3690CE",
              "boxShadow": "0 0 5px rgba(54, 144, 206, 0.3)",
              "outline": "none"
            },
            "placeholder": {
              "color": "#0D2F60",
              "opacity": "0.6"
            },
            "disabled": {
              "backgroundColor": "#D1D5DB",
              "color": "#6B7280",
              "borderColor": "#D1D5DB",
              "cursor": "not-allowed"
            }
          },
          "select": {
            "description": "Dropdown select input, derived from global.css",
            "base": {
              "padding": "10px 12px",
              "borderRadius": "4px",
              "border": "1px solid #0D2F60",
              "backgroundColor": "#F4F4F6",
              "color": "#333333",
              "fontSize": "16px",
              "appearance": "none",
              "backgroundImage": "url('data:image/svg+xml;utf8,<svg fill=\"%230D2F60\" height=\"24\" viewBox=\"0 0 24 24\" width=\"24\" xmlns=\"http://www.w3.org/2000/svg\"><path d=\"M7 10l5 5 5-5z\"/></svg>')",
              "backgroundRepeat": "no-repeat",
              "backgroundPosition": "right 10px center",
              "transition": "border-color 0.3s ease, box-shadow 0.3s ease"
            },
            "focus": {
              "borderColor": "#3690CE",
              "boxShadow": "0 0 5px rgba(54, 144, 206, 0.3)",
              "outline": "none"
            },
            "disabled": {
              "backgroundColor": "#D1D5DB",
              "color": "#6B7280",
              "borderColor": "#D1D5DB",
              "cursor": "not-allowed"
            }
          }
        },
        "card": {
          "description": "Container for content sections, derived from HomePage.css and payments.css",
          "base": {
            "backgroundColor": "#FFFFFF",
            "borderRadius": "4px",
            "padding": "16px",
            "boxShadow": "0 2px 6px rgba(0, 0, 0, 0.05)",
            "transition": "box-shadow 0.3s ease"
          },
          "hover": {
            "boxShadow": "0 4px 20px rgba(0, 0, 0, 0.05)"
          }
        },
        "modal": {
          "description": "Overlay modal for dialogs, derived from InstructionDetailsConfirmation.css",
          "overlay": {
            "backgroundColor": "rgba(0, 3, 25, 0.7)",
            "backdropFilter": "blur(8px)",
            "position": "fixed",
            "top": "0",
            "left": "0",
            "right": "0",
            "bottom": "0",
            "display": "flex",
            "justifyContent": "center",
            "alignItems": "center",
            "zIndex": "1000"
          },
          "content": {
            "backgroundColor": "#FFFFFF",
            "borderRadius": "0",
            "padding": "24px",
            "maxWidth": "600px",
            "width": "100%",
            "boxShadow": "0 4px 20px rgba(0, 0, 0, 0.15)"
          }
        },
        "tooltip": {
          "description": "Tooltip for additional information, derived from DocumentUpload.css and ProofOfId.css",
          "base": {
            "backgroundColor": "rgba(0, 0, 0, 0.75)",
            "color": "#FFFFFF",
            "padding": "4px 8px",
            "borderRadius": "4px",
            "fontSize": "12px",
            "position": "absolute",
            "zIndex": "10",
            "transition": "opacity 0.15s ease-out, transform 0.15s ease-out"
          },
          "hover": {
            "opacity": "1",
            "transform": "translateY(-8px)"
          }
        },
        "toggleGroup": {
          "description": "Group of toggle buttons for selection, derived from HomePage.css and ProofOfId.css",
          "base": {
            "display": "flex",
            "gap": "12px"
          },
          "button": {
            "base": {
              "padding": "10px 16px",
              "fontSize": "16px",
              "fontWeight": "500",
              "color": "#061733",
              "backgroundColor": "#F4F4F6",
              "border": "2px solid #0D2F60",
              "borderRadius": "4px",
              "cursor": "pointer",
              "transition": "all 0.3s ease"
            },
            "hover": {
              "backgroundColor": "#E8E8E8"
            },
            "active": {
              "backgroundColor": "#3690CE",
              "color": "#FFFFFF",
              "borderColor": "#3690CE"
            },
            "focus": {
              "outline": "none",
              "boxShadow": "0 0 5px rgba(54, 144, 206, 0.3)"
            }
          }
        }
      },
      "layouts": {
        "grid": {
          "description": "Responsive grid layout for forms and content, derived from global.css and HomePage.css",
          "base": {
            "display": "grid",
            "gridTemplateColumns": "repeat(auto-fit, minmax(200px, 1fr))",
            "gap": "16px"
          }
        },
        "container": {
          "description": "Main content container, derived from HomePage.css",
          "base": {
            "maxWidth": "1200px",
            "margin": "0 auto",
            "padding": "20px"
          }
        }
      }
    }
  }